what,kind,bundleId,bundleVersion,description,time
started,bundle,org.eclipse.ui.net,1.2.200.v20120807-0927,"org.eclipse.ui.net",1511192402066
started,bundle,org.eclipse.ui.themes,1.1.1.v20151026-1355,"org.eclipse.ui.themes",1511192402066
started,bundle,org.eclipse.ui.trace,1.0.300.v20150220-1252,"org.eclipse.ui.trace",1511192402066
started,bundle,org.eclipse.ui.views,3.8.0.v20150422-0725,"org.eclipse.ui.views",1511192402128
started,bundle,org.eclipse.ui.views.log,1.0.600.v20150513-1840,"org.eclipse.ui.views.log",1511192402207
started,bundle,org.eclipse.ui.workbench,3.107.1.v20160120-2131,"org.eclipse.ui.workbench",1511192402253
started,bundle,org.eclipse.ui.workbench.texteditor,3.9.100.v20141023-1946,"org.eclipse.ui.workbench.texteditor",1511192402332
started,bundle,org.eclipse.update.configurator,3.3.300.v20140518-1928,"org.eclipse.update.configurator",1511192402332
started,bundle,org.eclipse.wst.common.project.facet.core,1.4.300.v201111030423,"org.eclipse.wst.common.project.facet.core",1511192402332
started,bundle,org.eclipse.epp.usagedata.gathering,1.3.0.R201005261100,"org.eclipse.epp.usagedata.gathering",1511192402332
started,bundle,org.eclipse.epp.usagedata.recording,1.3.0.R201005261100,"org.eclipse.epp.usagedata.recording",1511192402332
started,bundle,org.eclipse.equinox.event,1.2.0.v20100503,"org.eclipse.equinox.event",1511192402332
started,bundle,org.eclipse.update.core,3.2.402.R36x_v20100629,"org.eclipse.update.core",1511192402441
started,bundle,org.eclipse.update.scheduler,3.2.300.v20100512,"org.eclipse.update.scheduler",1511192402441
os,sysinfo,,,"win32",1511192402441
arch,sysinfo,,,"x86",1511192402441
ws,sysinfo,,,"win32",1511192402441
locale,sysinfo,,,"pt_BR",1511192402441
processors,sysinfo,,,"2",1511192402441
java.runtime.name,sysinfo,,,"Java(TM) SE Runtime Environment",1511192402441
java.runtime.version,sysinfo,,,"1.8.0_131-b11",1511192402441
java.specification.name,sysinfo,,,"Java Platform API Specification",1511192402441
java.specification.vendor,sysinfo,,,"Oracle Corporation",1511192402441
java.specification.version,sysinfo,,,"1.8",1511192402441
java.vendor,sysinfo,,,"Oracle Corporation",1511192402441
java.version,sysinfo,,,"1.8.0_131",1511192402441
java.vm.info,sysinfo,,,"mixed mode",1511192402441
java.vm.name,sysinfo,,,"Java HotSpot(TM) Client VM",1511192402441
java.vm.specification.name,sysinfo,,,"Java Virtual Machine Specification",1511192402441
java.vm.specification.vendor,sysinfo,,,"Oracle Corporation",1511192402441
java.vm.specification.version,sysinfo,,,"1.8",1511192402441
java.vm.vendor,sysinfo,,,"Oracle Corporation",1511192402441
java.vm.version,sysinfo,,,"25.131-b11",1511192402441
started,bundle,org.eclipse.rse.connectorservice.local,2.1.400.201403100950,"org.eclipse.rse.connectorservice.local",1511192402581
started,bundle,org.eclipse.oomph.p2,1.3.0.v20160213-0953,"org.eclipse.oomph.p2",1511192402613
started,bundle,org.eclipse.rse.services.local,2.2.0.201502030655,"org.eclipse.rse.services.local",1511192402707
started,bundle,org.eclipse.egit.ui,4.1.1.201511131810-r,"org.eclipse.egit.ui",1511192402780
started,bundle,org.eclipse.ui.navigator,3.6.0.v20150422-0725,"org.eclipse.ui.navigator",1511192402842
started,bundle,org.eclipse.ui.navigator.resources,3.5.1.v20160128-1644,"org.eclipse.ui.navigator.resources",1511192403014
started,bundle,org.eclipse.rse.files.ui,3.2.200.201502052140,"org.eclipse.rse.files.ui",1511192403249
started,bundle,org.eclipse.emf.edit,2.11.1.v20160208-0841,"org.eclipse.emf.edit",1511192404217
started,bundle,org.eclipse.emf.edit.ui,2.11.1.v20160208-0841,"org.eclipse.emf.edit.ui",1511192404233
started,bundle,org.eclipse.jst.j2ee.webservice.ui,1.1.500.v201302011850,"org.eclipse.jst.j2ee.webservice.ui",1511192404264
started,bundle,org.eclipse.wst.common.frameworks,1.2.200.v201304241450,"org.eclipse.wst.common.frameworks",1511192404311
started,bundle,org.eclipse.wst.common.emf,1.2.400.v201505132009,"org.eclipse.wst.common.emf",1511192404405
started,bundle,org.eclipse.jem.util,2.1.200.v201404021757,"org.eclipse.jem.util",1511192404452
started,bundle,org.eclipse.wst.common.emfworkbench.integration,1.2.101.v201107081800,"org.eclipse.wst.common.emfworkbench.integration",1511192404483
started,bundle,org.eclipse.equinox.p2.ui.sdk.scheduler,1.2.100.v20150423-1455,"org.eclipse.equinox.p2.ui.sdk.scheduler",1511192404530
started,bundle,org.eclipse.wst.web,1.1.800.v201312041437,"org.eclipse.wst.web",1511192404561
started,bundle,org.eclipse.jst.j2ee.webservice,1.1.400.v201302011850,"org.eclipse.jst.j2ee.webservice",1511192404592
started,bundle,org.eclipse.jst.jee.ui,1.0.701.v201408251535,"org.eclipse.jst.jee.ui",1511192404670
started,bundle,org.eclipse.equinox.p2.updatechecker,1.1.200.v20131119-0908,"org.eclipse.equinox.p2.updatechecker",1511192404717
started,bundle,org.eclipse.jst.j2ee.ui,1.1.900.v201602161345,"org.eclipse.jst.j2ee.ui",1511192404908
started,bundle,org.eclipse.jst.j2ee.navigator.ui,1.1.600.v201302011850,"org.eclipse.jst.j2ee.navigator.ui",1511192404947
started,bundle,org.eclipse.epp.logging.aeri.core,1.100.0.v20160211-1103,"org.eclipse.epp.logging.aeri.core",1511192405162
started,bundle,org.eclipse.oomph.setup.sync,1.3.0.v20160213-0953,"org.eclipse.oomph.setup.sync",1511192405234
started,bundle,org.eclipse.userstorage.ui,1.0.0.v20151216-0912,"org.eclipse.userstorage.ui",1511192405451
started,bundle,org.eclipse.userstorage,1.0.0.v20151212-0935,"org.eclipse.userstorage",1511192405508
started,bundle,org.eclipse.wst.common.core,1.2.0.v200908251833,"org.eclipse.wst.common.core",1511192405526
started,bundle,org.eclipse.wst.common.modulecore,1.2.401.v201408132036,"org.eclipse.wst.common.modulecore",1511192405597
started,bundle,org.eclipse.jst.j2ee.core,1.3.200.v201505041449,"org.eclipse.jst.j2ee.core",1511192405834
started,bundle,org.eclipse.jem,2.0.600.v201302011850,"org.eclipse.jem",1511192406057
started,bundle,org.eclipse.wst.common.frameworks.ui,1.2.400.v201504292002,"org.eclipse.wst.common.frameworks.ui",1511192406634
started,bundle,org.eclipse.equinox.p2.ui,2.4.0.v20150425-0422,"org.eclipse.equinox.p2.ui",1511192406679
started,bundle,org.eclipse.wst.xml.core,1.1.902.v201501211904,"org.eclipse.wst.xml.core",1511192406722
started,bundle,org.eclipse.oomph.preferences,1.3.0.v20160213-0953,"org.eclipse.oomph.preferences",1511192406771
started,bundle,org.eclipse.mylyn.commons.notifications.ui,1.10.0.v20151102-1814,"org.eclipse.mylyn.commons.notifications.ui",1511192406986
started,bundle,org.eclipse.wst.validation,1.2.700.v201508251749,"org.eclipse.wst.validation",1511192407056
started,bundle,org.eclipse.ecf,3.7.0.v20151130-0157,"org.eclipse.ecf",1511192407241
started,bundle,org.eclipse.ecf.filetransfer,5.0.0.v20151130-0157,"org.eclipse.ecf.filetransfer",1511192407324
started,bundle,org.eclipse.ecf.identity,3.6.0.v20151130-0157,"org.eclipse.ecf.identity",1511192407334
started,bundle,org.eclipse.jst.j2ee,1.1.850.v201506041749,"org.eclipse.jst.j2ee",1511192407519
started,bundle,org.eclipse.ecf.provider.filetransfer.httpclient,4.0.0.v20100529-0735,"org.eclipse.ecf.provider.filetransfer.httpclient",1511192407868
started,bundle,org.eclipse.ecf.provider.filetransfer.httpclient4,1.1.0.v20151130-0157,"org.eclipse.ecf.provider.filetransfer.httpclient4",1511192408308
started,bundle,org.eclipse.jst.common.project.facet.core,1.4.400.v201403261418,"org.eclipse.jst.common.project.facet.core",1511192408411
started,bundle,org.eclipse.ecf.provider.filetransfer,3.2.200.v20151130-0157,"org.eclipse.ecf.provider.filetransfer",1511192408614
started,bundle,org.eclipse.jst.ws.jaxrs.core,1.0.600.v201505131719,"org.eclipse.jst.ws.jaxrs.core",1511192408632
started,bundle,org.eclipse.m2e.wtp,1.2.1.20150819-2220,"org.eclipse.m2e.wtp",1511192410137
opened,view,org.eclipse.ui.navigator.resources,3.5.1.v20160128-1644,"org.eclipse.ui.navigator.ProjectExplorer",1511192410348
activated,view,org.eclipse.ui.navigator.resources,3.5.1.v20160128-1644,"org.eclipse.ui.navigator.ProjectExplorer",1511192410686
started,bundle,org.eclipse.team.ui,3.7.200.v20150203-1452,"org.eclipse.team.ui",1511192411224
started,bundle,org.eclipse.team.cvs.core,3.3.300.I20100526-0800,"org.eclipse.team.cvs.core",1511192411933
started,bundle,org.eclipse.ui.console,3.6.100.v20150822-1912,"org.eclipse.ui.console",1511192412345
started,bundle,org.eclipse.team.cvs.ui,3.3.301.R36x_v20100825-0800,"org.eclipse.team.cvs.ui",1511192412619
started,bundle,org.eclipse.jst.ws.jaxws.dom.integration,1.0.300.v201308151836,"org.eclipse.jst.ws.jaxws.dom.integration",1511192431151
started,bundle,org.eclipse.jst.ws.jaxws.dom.ui,1.0.100.v201308151836,"org.eclipse.jst.ws.jaxws.dom.ui",1511192431247
started,bundle,org.eclipse.jst.ws.jaxws.utils,1.0.301.v201504272154,"org.eclipse.jst.ws.jaxws.utils",1511192431294
executed,command,org.eclipse.ui.ide,3.11.0.v20150825-2158,"org.eclipse.ui.project.openProject",1511192432654
error,log,,,"The project description file (.project) for 'Espelho' is missing.  This file contains important information about the project.  The project will not function properly until this file is restored.",1511192432713
deactivated,workbench,org.eclipse.ui.workbench,3.107.1.v20160120-2131,"",1511192432908
activated,workbench,org.eclipse.ui.workbench,3.107.1.v20160120-2131,"",1511192433114
activated,view,org.eclipse.ui.ide,3.11.0.v20150825-2158,"org.eclipse.ui.views.ResourceNavigator",1511192433187
deactivated,workbench,org.eclipse.ui.workbench,3.107.1.v20160120-2131,"",1511192434497
started,bundle,org.eclipse.mylyn.team.ui,3.18.0.v20151120-2228,"org.eclipse.mylyn.team.ui",1511192435076
activated,workbench,org.eclipse.ui.workbench,3.107.1.v20160120-2131,"",1511192435198
started,bundle,org.eclipse.oomph.predicates.edit,1.3.0.v20160213-0953,"org.eclipse.oomph.predicates.edit",1511192435254
started,bundle,org.eclipse.oomph.workingsets,1.3.0.v20160213-0953,"org.eclipse.oomph.workingsets",1511192435747
started,bundle,org.eclipse.oomph.predicates,1.3.0.v20160213-0953,"org.eclipse.oomph.predicates",1511192435862
started,bundle,org.eclipse.equinox.p2.artifact.repository,1.1.400.v20150513-2116,"org.eclipse.equinox.p2.artifact.repository",1511192435893
started,bundle,org.eclipse.oomph.workingsets.editor,1.3.0.v20160213-0953,"org.eclipse.oomph.workingsets.editor",1511192436008
started,bundle,org.eclipse.equinox.p2.transport.ecf,1.1.100.v20150521-1342,"org.eclipse.equinox.p2.transport.ecf",1511192436200
started,bundle,org.eclipse.oomph.resources,1.3.0.v20160213-0953,"org.eclipse.oomph.resources",1511192436703
started,bundle,org.eclipse.oomph.setup.p2,1.3.0.v20160213-0953,"org.eclipse.oomph.setup.p2",1511192437416
deactivated,workbench,org.eclipse.ui.workbench,3.107.1.v20160120-2131,"",1511192440041
activated,workbench,org.eclipse.ui.workbench,3.107.1.v20160120-2131,"",1511192465979
executed,command,org.eclipse.ui,3.107.0.v20150507-1945,"org.eclipse.ui.file.import",1511192465997
deactivated,workbench,org.eclipse.ui.workbench,3.107.1.v20160120-2131,"",1511192467055
activated,workbench,org.eclipse.ui.workbench,3.107.1.v20160120-2131,"",1511192476387
closed,view,org.eclipse.ui.ide,3.11.0.v20150825-2158,"org.eclipse.ui.views.AllMarkersView",1511192478736
closed,view,org.eclipse.ui.navigator.resources,3.5.1.v20160128-1644,"org.eclipse.ui.navigator.ProjectExplorer",1511192478775
closed,view,org.eclipse.ui.ide,3.11.0.v20150825-2158,"org.eclipse.ui.views.ResourceNavigator",1511192478800
closed,workbench,org.eclipse.ui.workbench,3.107.1.v20160120-2131,"",1511192478952
started,bundle,org.eclipse.equinox.p2.garbagecollector,1.0.200.v20131115-1210,"org.eclipse.equinox.p2.garbagecollector",1511192479373
executed,command,org.eclipse.ui,3.107.0.v20150507-1945,"org.eclipse.ui.file.restartWorkbench",1511192479527
stopped,bundle,org.eclipse.m2e.logback.configuration,1.6.2.20150902-0002,"org.eclipse.m2e.logback.configuration",1511192479867
stopped,bundle,org.eclipse.recommenders.apidocs.rcp,2.3.0.v20160216-1255,"org.eclipse.recommenders.apidocs.rcp",1511192479870
stopped,bundle,org.eclipse.recommenders.coordinates.rcp,2.3.0.v20160216-1255,"org.eclipse.recommenders.coordinates.rcp",1511192479880
stopped,bundle,org.eclipse.recommenders.models,2.3.0.v20160216-1255,"org.eclipse.recommenders.models",1511192479943
stopped,bundle,org.eclipse.recommenders.coordinates,2.3.0.v20160216-1255,"org.eclipse.recommenders.coordinates",1511192480588
stopped,bundle,org.eclipse.datatools.enablement.hsqldb.ui,1.0.0.v201108120600,"org.eclipse.datatools.enablement.hsqldb.ui",1511192480888
stopped,bundle,org.eclipse.datatools.enablement.ingres.ui,1.0.0.v201105270214,"org.eclipse.datatools.enablement.ingres.ui",1511192480948
stopped,bundle,org.eclipse.datatools.enablement.postgresql.ui,1.0.0.v201107221506,"org.eclipse.datatools.enablement.postgresql.ui",1511192481058
stopped,bundle,org.eclipse.datatools.enablement.sqlite.ui,1.0.0.v201107221507,"org.eclipse.datatools.enablement.sqlite.ui",1511192481251
stopped,bundle,org.eclipse.jpt.jpa.eclipselink.ui,2.4.0.v201308271953,"org.eclipse.jpt.jpa.eclipselink.ui",1511192481304
stopped,bundle,org.eclipse.jpt.jpa.ui,3.4.0.v201312022017,"org.eclipse.jpt.jpa.ui",1511192481330
stopped,bundle,org.eclipse.jpt.jpa.db.ui,2.1.100.v201309202144,"org.eclipse.jpt.jpa.db.ui",1511192481463
activated,perspective,org.eclipse.jst.j2ee.ui,,"org.eclipse.jst.j2ee.J2EEPerspective",1511192493281
started,bundle,org.eclipse.osgi,3.10.102.v20160118-1700,"org.eclipse.osgi",1511192493283
started,bundle,org.eclipse.equinox.simpleconfigurator,1.1.100.v20150423-1455,"org.eclipse.equinox.simpleconfigurator",1511192493284
started,bundle,com.ibm.icu,54.1.1.v201501272100,"com.ibm.icu",1511192493285
started,bundle,org.apache.felix.gogo.command,0.10.0.v201209301215,"org.apache.felix.gogo.command",1511192493286
started,bundle,org.apache.felix.gogo.runtime,0.10.0.v201209301036,"org.apache.felix.gogo.runtime",1511192493287
started,bundle,org.apache.felix.gogo.shell,0.10.0.v201212101605,"org.apache.felix.gogo.shell",1511192493288
started,bundle,org.eclipse.core.contenttype,3.5.0.v20150421-2214,"org.eclipse.core.contenttype",1511192493289
started,bundle,org.eclipse.core.databinding.observable,1.5.0.v20150422-0725,"org.eclipse.core.databinding.observable",1511192493290
started,bundle,org.eclipse.core.expressions,3.5.0.v20150421-2214,"org.eclipse.core.expressions",1511192493291
started,bundle,org.eclipse.core.filebuffers,3.5.500.v20140723-1040,"org.eclipse.core.filebuffers",1511192493291
started,bundle,org.eclipse.core.filesystem,1.5.0.v20150725-1910,"org.eclipse.core.filesystem",1511192493294
started,bundle,org.eclipse.core.jobs,3.7.0.v20150330-2103,"org.eclipse.core.jobs",1511192493295
started,bundle,org.eclipse.core.net,1.2.300.v20141118-1725,"org.eclipse.core.net",1511192493296
started,bundle,org.eclipse.core.resources,3.10.1.v20150725-1910,"org.eclipse.core.resources",1511192493297
started,bundle,org.eclipse.core.runtime,3.11.1.v20150903-1804,"org.eclipse.core.runtime",1511192493301
started,bundle,org.eclipse.core.runtime.compatibility,3.2.300.v20150423-0821,"org.eclipse.core.runtime.compatibility",1511192493302
started,bundle,org.eclipse.debug.core,3.10.0.v20150303-1130,"org.eclipse.debug.core",1511192493304
started,bundle,org.eclipse.e4.core.commands,0.11.0.v20150422-0725,"org.eclipse.e4.core.commands",1511192493305
started,bundle,org.eclipse.e4.core.contexts,1.4.0.v20150828-0818,"org.eclipse.e4.core.contexts",1511192493307
started,bundle,org.eclipse.e4.core.di,1.5.0.v20150421-2214,"org.eclipse.e4.core.di",1511192493308
started,bundle,org.eclipse.e4.core.di.extensions,0.13.0.v20150421-2214,"org.eclipse.e4.core.di.extensions",1511192493309
started,bundle,org.eclipse.e4.core.services,2.0.0.v20150403-1912,"org.eclipse.e4.core.services",1511192493311
started,bundle,org.eclipse.e4.ui.bindings,0.11.0.v20150422-0725,"org.eclipse.e4.ui.bindings",1511192493316
started,bundle,org.eclipse.e4.ui.css.swt,0.12.0.v20150511-1003,"org.eclipse.e4.ui.css.swt",1511192493316
started,bundle,org.eclipse.e4.ui.css.swt.theme,0.10.0.v20150422-0725,"org.eclipse.e4.ui.css.swt.theme",1511192493318
started,bundle,org.eclipse.e4.ui.di,1.1.0.v20150422-0725,"org.eclipse.e4.ui.di",1511192493319
started,bundle,org.eclipse.e4.ui.model.workbench,1.1.100.v20150407-1430,"org.eclipse.e4.ui.model.workbench",1511192493321
started,bundle,org.eclipse.e4.ui.services,1.2.0.v20150422-0725,"org.eclipse.e4.ui.services",1511192493322
started,bundle,org.eclipse.e4.ui.workbench,1.3.1.v20160203-0951,"org.eclipse.e4.ui.workbench",1511192493324
started,bundle,org.eclipse.e4.ui.workbench.addons.swt,1.2.0.v20150512-1414,"org.eclipse.e4.ui.workbench.addons.swt",1511192493325
started,bundle,org.eclipse.e4.ui.workbench.renderers.swt,0.13.0.v20150901-1347,"org.eclipse.e4.ui.workbench.renderers.swt",1511192493326
started,bundle,org.eclipse.e4.ui.workbench.swt,0.13.0.v20150504-0621,"org.eclipse.e4.ui.workbench.swt",1511192493327
started,bundle,org.eclipse.ecf,3.7.0.v20151130-0157,"org.eclipse.ecf",1511192493329
started,bundle,org.eclipse.ecf.filetransfer,5.0.0.v20151130-0157,"org.eclipse.ecf.filetransfer",1511192493330
started,bundle,org.eclipse.ecf.identity,3.6.0.v20151130-0157,"org.eclipse.ecf.identity",1511192493330
started,bundle,org.eclipse.ecf.provider.filetransfer,3.2.200.v20151130-0157,"org.eclipse.ecf.provider.filetransfer",1511192493331
started,bundle,org.eclipse.ecf.provider.filetransfer.httpclient4,1.1.0.v20151130-0157,"org.eclipse.ecf.provider.filetransfer.httpclient4",1511192493331
started,bundle,org.eclipse.egit.core,4.1.1.201511131810-r,"org.eclipse.egit.core",1511192493342
started,bundle,org.eclipse.egit.ui,4.1.1.201511131810-r,"org.eclipse.egit.ui",1511192493343
started,bundle,org.eclipse.emf.common,2.11.1.v20160208-0816,"org.eclipse.emf.common",1511192493344
started,bundle,org.eclipse.emf.common.ui,2.10.1.v20160208-0841,"org.eclipse.emf.common.ui",1511192493345
started,bundle,org.eclipse.emf.ecore,2.11.2.v20160208-0816,"org.eclipse.emf.ecore",1511192493346
started,bundle,org.eclipse.emf.ecore.xmi,2.11.1.v20160208-0816,"org.eclipse.emf.ecore.xmi",1511192493350
started,bundle,org.eclipse.emf.edit,2.11.1.v20160208-0841,"org.eclipse.emf.edit",1511192493351
started,bundle,org.eclipse.epp.logging.aeri.core,1.100.0.v20160211-1103,"org.eclipse.epp.logging.aeri.core",1511192493351
started,bundle,org.eclipse.equinox.app,1.3.300.v20150423-1356,"org.eclipse.equinox.app",1511192493352
started,bundle,org.eclipse.equinox.common,3.7.0.v20150402-1709,"org.eclipse.equinox.common",1511192493353
started,bundle,org.eclipse.equinox.console,1.1.100.v20141023-1406,"org.eclipse.equinox.console",1511192493353
started,bundle,org.eclipse.equinox.ds,1.4.300.v20150423-1356,"org.eclipse.equinox.ds",1511192493354
started,bundle,org.eclipse.equinox.event,1.3.100.v20140115-1647,"org.eclipse.equinox.event",1511192493355
started,bundle,org.eclipse.equinox.p2.core,2.4.0.v20150527-1706,"org.eclipse.equinox.p2.core",1511192493356
started,bundle,org.eclipse.equinox.p2.directorywatcher,1.1.100.v20150423-1455,"org.eclipse.equinox.p2.directorywatcher",1511192493357
started,bundle,org.eclipse.equinox.p2.engine,2.4.0.v20150511-1532,"org.eclipse.equinox.p2.engine",1511192493357
started,bundle,org.eclipse.equinox.p2.metadata,2.3.0.v20150511-1532,"org.eclipse.equinox.p2.metadata",1511192493358
started,bundle,org.eclipse.equinox.p2.metadata.repository,1.2.200.v20150428-1613,"org.eclipse.equinox.p2.metadata.repository",1511192493377
started,bundle,org.eclipse.equinox.p2.operations,2.4.100.v20150423-1455,"org.eclipse.equinox.p2.operations",1511192493378
started,bundle,org.eclipse.equinox.p2.reconciler.dropins,1.1.300.v20150423-1455,"org.eclipse.equinox.p2.reconciler.dropins",1511192493379
started,bundle,org.eclipse.equinox.p2.repository,2.3.100.v20150428-1613,"org.eclipse.equinox.p2.repository",1511192493412
started,bundle,org.eclipse.equinox.p2.ui,2.4.0.v20150425-0422,"org.eclipse.equinox.p2.ui",1511192493412
started,bundle,org.eclipse.equinox.p2.ui.sdk.scheduler,1.2.100.v20150423-1455,"org.eclipse.equinox.p2.ui.sdk.scheduler",1511192493413
started,bundle,org.eclipse.equinox.p2.updatechecker,1.1.200.v20131119-0908,"org.eclipse.equinox.p2.updatechecker",1511192493414
started,bundle,org.eclipse.equinox.preferences,3.5.300.v20150408-1437,"org.eclipse.equinox.preferences",1511192493415
started,bundle,org.eclipse.equinox.registry,3.6.0.v20150318-1503,"org.eclipse.equinox.registry",1511192493416
started,bundle,org.eclipse.equinox.security,1.2.100.v20150423-1356,"org.eclipse.equinox.security",1511192493417
started,bundle,org.eclipse.equinox.util,1.0.500.v20130404-1337,"org.eclipse.equinox.util",1511192493418
started,bundle,org.eclipse.help,3.6.0.v20130326-1254,"org.eclipse.help",1511192493419
started,bundle,org.eclipse.jdt.core,3.11.2.v20160128-0629,"org.eclipse.jdt.core",1511192493419
started,bundle,org.eclipse.jdt.core.manipulation,1.5.100.v20141002-1241,"org.eclipse.jdt.core.manipulation",1511192493420
started,bundle,org.eclipse.jdt.launching,3.8.0.v20150527-0946,"org.eclipse.jdt.launching",1511192493422
started,bundle,org.eclipse.jdt.ui,3.11.2.v20151123-1510,"org.eclipse.jdt.ui",1511192493427
started,bundle,org.eclipse.jface,3.11.1.v20160128-1644,"org.eclipse.jface",1511192493428
started,bundle,org.eclipse.jgit,4.1.1.201511131810-r,"org.eclipse.jgit",1511192493430
started,bundle,org.eclipse.jsch.core,1.2.0.v20141202-1415,"org.eclipse.jsch.core",1511192493459
started,bundle,org.eclipse.ltk.core.refactoring,3.6.201.v20150819-1034,"org.eclipse.ltk.core.refactoring",1511192493465
started,bundle,org.eclipse.ltk.ui.refactoring,3.7.200.v20140625-1835,"org.eclipse.ltk.ui.refactoring",1511192493466
started,bundle,org.eclipse.m2e.logback.configuration,1.6.2.20150902-0002,"org.eclipse.m2e.logback.configuration",1511192493467
started,bundle,org.eclipse.mylyn.bugzilla.core,3.18.0.v20151009-2340,"org.eclipse.mylyn.bugzilla.core",1511192493468
started,bundle,org.eclipse.mylyn.bugzilla.ui,3.18.0.v20151009-2340,"org.eclipse.mylyn.bugzilla.ui",1511192493469
started,bundle,org.eclipse.mylyn.commons.core,3.18.0.v20151019-2227,"org.eclipse.mylyn.commons.core",1511192493470
started,bundle,org.eclipse.mylyn.commons.net,3.18.0.v20151009-1724,"org.eclipse.mylyn.commons.net",1511192493470
started,bundle,org.eclipse.mylyn.commons.notifications.core,1.10.0.v20151009-1724,"org.eclipse.mylyn.commons.notifications.core",1511192493473
started,bundle,org.eclipse.mylyn.commons.notifications.feed,1.10.0.v20151009-1724,"org.eclipse.mylyn.commons.notifications.feed",1511192493474
started,bundle,org.eclipse.mylyn.commons.notifications.ui,1.10.0.v20151102-1814,"org.eclipse.mylyn.commons.notifications.ui",1511192493475
started,bundle,org.eclipse.mylyn.commons.repositories.ui,1.10.0.v20151116-1930,"org.eclipse.mylyn.commons.repositories.ui",1511192493477
started,bundle,org.eclipse.mylyn.commons.ui,3.18.0.v20151116-1930,"org.eclipse.mylyn.commons.ui",1511192493478
started,bundle,org.eclipse.mylyn.commons.workbench,3.18.0.v20151102-1813,"org.eclipse.mylyn.commons.workbench",1511192493479
started,bundle,org.eclipse.mylyn.context.core,3.18.0.v20151013-1847,"org.eclipse.mylyn.context.core",1511192493480
started,bundle,org.eclipse.mylyn.context.tasks.ui,3.18.0.v20151013-1847,"org.eclipse.mylyn.context.tasks.ui",1511192493481
started,bundle,org.eclipse.mylyn.monitor.ui,3.18.0.v20151009-1724,"org.eclipse.mylyn.monitor.ui",1511192493482
started,bundle,org.eclipse.mylyn.tasks.ui,3.18.0.v20151211-2235,"org.eclipse.mylyn.tasks.ui",1511192493483
started,bundle,org.eclipse.oomph.base,1.3.0.v20160213-0953,"org.eclipse.oomph.base",1511192493484
started,bundle,org.eclipse.oomph.base.edit,1.3.0.v20160213-0953,"org.eclipse.oomph.base.edit",1511192493485
started,bundle,org.eclipse.oomph.jreinfo.ui,1.3.0.v20160213-0953,"org.eclipse.oomph.jreinfo.ui",1511192493486
started,bundle,org.eclipse.oomph.p2,1.3.0.v20160213-0953,"org.eclipse.oomph.p2",1511192493486
started,bundle,org.eclipse.oomph.p2.core,1.3.0.v20160213-0953,"org.eclipse.oomph.p2.core",1511192493487
started,bundle,org.eclipse.oomph.p2.edit,1.3.0.v20160213-0953,"org.eclipse.oomph.p2.edit",1511192493488
started,bundle,org.eclipse.oomph.p2.ui,1.3.0.v20160213-0953,"org.eclipse.oomph.p2.ui",1511192493489
started,bundle,org.eclipse.oomph.preferences,1.3.0.v20160213-0953,"org.eclipse.oomph.preferences",1511192493490
started,bundle,org.eclipse.oomph.setup,1.3.0.v20160213-0953,"org.eclipse.oomph.setup",1511192493491
started,bundle,org.eclipse.oomph.setup.core,1.3.0.v20160213-0953,"org.eclipse.oomph.setup.core",1511192493491
started,bundle,org.eclipse.oomph.setup.edit,1.3.0.v20160213-0953,"org.eclipse.oomph.setup.edit",1511192493492
started,bundle,org.eclipse.oomph.setup.p2.edit,1.3.0.v20160213-0953,"org.eclipse.oomph.setup.p2.edit",1511192493493
started,bundle,org.eclipse.oomph.setup.sync,1.3.0.v20160213-0953,"org.eclipse.oomph.setup.sync",1511192493494
started,bundle,org.eclipse.oomph.setup.ui,1.3.0.v20160213-0953,"org.eclipse.oomph.setup.ui",1511192493495
started,bundle,org.eclipse.oomph.ui,1.3.0.v20160213-0953,"org.eclipse.oomph.ui",1511192493496
started,bundle,org.eclipse.oomph.util,1.3.0.v20160213-0953,"org.eclipse.oomph.util",1511192493497
started,bundle,org.eclipse.pde.core,3.10.102.v20160128-0556,"org.eclipse.pde.core",1511192493498
started,bundle,org.eclipse.pde.launching,3.6.301.v20160128-0556,"org.eclipse.pde.launching",1511192493499
started,bundle,org.eclipse.pde.ui,3.8.202.v20160128-0556,"org.eclipse.pde.ui",1511192493501
started,bundle,org.eclipse.rse.connectorservice.local,2.1.400.201403100950,"org.eclipse.rse.connectorservice.local",1511192493504
started,bundle,org.eclipse.rse.core,3.3.100.201407181907,"org.eclipse.rse.core",1511192493513
started,bundle,org.eclipse.rse.files.ui,3.2.200.201502052140,"org.eclipse.rse.files.ui",1511192493514
started,bundle,org.eclipse.rse.services,3.3.0.201403100950,"org.eclipse.rse.services",1511192493515
started,bundle,org.eclipse.rse.services.local,2.2.0.201502030655,"org.eclipse.rse.services.local",1511192493516
started,bundle,org.eclipse.rse.subsystems.files.core,3.3.1.201403100950,"org.eclipse.rse.subsystems.files.core",1511192493533
started,bundle,org.eclipse.rse.subsystems.files.local,2.1.300.201403251512,"org.eclipse.rse.subsystems.files.local",1511192493534
started,bundle,org.eclipse.rse.subsystems.shells.core,3.1.300.201403271554,"org.eclipse.rse.subsystems.shells.core",1511192493535
started,bundle,org.eclipse.rse.subsystems.shells.local,2.1.400.201403100950,"org.eclipse.rse.subsystems.shells.local",1511192493535
started,bundle,org.eclipse.rse.ui,3.3.100.201503112018,"org.eclipse.rse.ui",1511192493537
started,bundle,org.eclipse.team.core,3.7.100.v20150203-1452,"org.eclipse.team.core",1511192493538
started,bundle,org.eclipse.team.ui,3.7.200.v20150203-1452,"org.eclipse.team.ui",1511192493539
started,bundle,org.eclipse.ui,3.107.0.v20150507-1945,"org.eclipse.ui",1511192493541
started,bundle,org.eclipse.ui.console,3.6.100.v20150822-1912,"org.eclipse.ui.console",1511192493543
started,bundle,org.eclipse.ui.editors,3.9.0.v20150213-1939,"org.eclipse.ui.editors",1511192493545
